prot,target_pdb_id,target_lig_id,target_natom,template_pdb_id,template_lig_id,template_natom,Tc,template_rmsd,geom_centre_dist,overlap,target_lig_smiles,template_lig_smiles,
aa2ar,3eml,ZMA,25,5iua,6DX,31,0.412,0.268,2.09,0.75,c1cc(oc1)c2nc3nc(nc(n3n2)N)NCCc4ccc(cc4)O,c1ccc(cc1)N2CCN(CC2)CCCNc3nc(n4c(n3)nc(n4)c5ccco5)N,
abl1,2hzi,JIN,29,1m52,P17,29,0.961,0.387,0.33,0.92,Cc1cc(ccc1F)Nc2ncc3c(n2)N(C(=O)C(=C3)c4c(cccc4Cl)Cl)C,CN1c2c(cnc(n2)Nc3cccc(c3)SC)C=C(C1=O)c4c(cccc4Cl)Cl,
ace,3bkl,KAW,39,3bkk,KAF,36,0.841,0.236,0.64,0.92,c1ccc(cc1)C[C@@H](C(CCC(=O)N[C@@H](Cc2c[nH]c3c2cccc3)C(=O)O)(O)O)NC(=O)c4ccccc4,c1ccc(cc1)C[C@@H](C(=O)O)NC(=O)CCC([C@H](Cc2ccccc2)NC(=O)c3ccccc3)(O)O,
aces,1e66,HUX,21,1odc,A8B,34,0.6,0.090,5.34,0.4,CCC1=C[C@@H]2Cc3c(c(c4ccc(cc4n3)Cl)N)[C@@H](C2)C1,c1ccc2c(c1)c(ccn2)NCCCCCCCCNc3c4ccccc4nc5c3CCCC5,
ada,2e1w,FR6,24,1v79,FR7,22,0.819,0.566,0.64,0.86,C[C@@H]([C@@H](CCc1cccc2c1cccc2)n3cc(nc3)C(=O)N)O,C[C@@H]([C@@H](CCc1cccc(c1Cl)Cl)n2cc(nc2)C(=O)N)O,
ada17,2oi0,283,20,3b92,440,18,0.641,0.358,3.93,0.77,CC#CCOc1ccc(cc1)S(=O)(=O)[N@]2CC[C@@H](C2)S,CC#CCOc1ccc(cc1)S(=O)(=O)CCCS,
adrb1,2vt4,P32,21,5a8e,XTK,22,0.694,0.357,0.15,0.93,CC(C)(C)NC[C@@H](COc1cccc2c1CC(=N2)C#N)O,Cc1ccc(c2c1[nH]c(c2)C#N)OC[C@H](CNC(C)(C)C)O,
adrb2,3ny8,JRZ,20,6ps5,SNP,19,0.827,0.328,0.65,0.82,Cc1ccc(c2c1CCC2)OC[C@H]([C@H](C)NC(C)C)O,CC(C)NC[C@@H](COc1cccc2c1cccc2)O,
akt1,3cqw,CQW,19,3mv5,XFE,16,0.465,0.344,0.45,0.82,c1c(c2c([nH]1)ncnc2[N@]3CCc4c(nc[nH]4)C3)Cl,Cc1c[nH]c2c1c(ncn2)[N@]3CC[C@H](C3)N,
akt2,3d0e,G93,31,3e88,G96,34,0.578,0.429,1.34,0.58,CCn1c2c(cnc(c2nc1c3c(non3)N)C#CC(C)(C)O)OC[C@H]4CCCNC4,CCn1c2cc(nc(c2nc1c3c(non3)N)C#CC(C)(C)O)OC[C@@H](Cc4ccccc4)N,
aldr,2hv5,ZST,29,1iei,ZES,26,0.474,0.783,1.37,0.86,c1ccc2c(c1)C(=NN(C2=O)Cc3nc4cc(ccc4s3)C(F)(F)F)CC(=O)O,c1cc2c(cc1Cl)N(C(=O)N(C2=O)Cc3ccc(cc3F)Br)CC(=O)O,
ampc,1l2s,STC,19,1xgi,NST,21,0.759,0.208,0.41,0.86,c1cc(ccc1NS(=O)(=O)c2ccsc2C(=O)O)Cl,c1cc(cc(c1)[N+](=O)[O-])NS(=O)(=O)c2ccsc2C(=O)O,
andr,2am9,TES,21,1xow,R18,21,0.619,0.198,0.39,0.87,C[C@]12CC[C@H]3[C@H]([C@@H]1CC[C@@H]2O)CCC4=CC(=O)CC[C@]34C,C[C@@]1(CC[C@@H]2[C@@]1(C=CC3=C4CCC(=O)C=C4CC[C@@H]23)C)O,
aofb,1s3b,RMA,14,2byb,DPK,14,0.444,0.177,0.85,0.89,CN(CC#C)[C@@H]1CCc2c1cccc2,C[C@H](Cc1ccccc1)N(C)CC=C,
bace1,3l5d,BDV,28,3l5c,BDQ,32,0.826,0.109,1.87,0.28,[H]/N=C\1/N[C@](C(=O)N1Cc2ccc(cc2)CNC(=O)NCCCC)(C)CC(C)C,[H]/N=C\1/N[C@](C(=O)N1Cc2ccc(cc2)CNC(=O)Nc3ccc(cc3)C#N)(C)CC(C)C,
braf,3d4q,SM5,28,3psd,SM7,29,0.789,0.337,0.75,0.7,c1cc\2c(cc1c3cn(nc3c4ccncc4)C5CCNCC5)CC/C2=N\O,c1cnccc1c2c(cn(n2)C3CCNCC3)C4=CC5=CC6=CN=NC6=C5C=C4,
cah2,1bcd,FMS,8,5flr,XCZ,11,0.375,0.109,1.62,0.42,C(F)(F)(F)S(=O)(=O)N,Cc1ccnc(n1)S(=O)(=O)N,
casp3,2cnk,MY2,21,2cnl,MY3,21,0.826,0.133,1.08,0.6,c1ccc(cc1)COC(=O)[C@H](CC(=O)N(CC(=O)O)N)O,c1ccc(cc1)CNC(=O)[C@H](CC(=O)N(CC(=O)O)N)O,
cdk2,1h00,FAP,30,1v1k,3FP,33,0.829,0.461,0.49,0.64,CN(C)C[C@@H](COc1ccc(cc1)Nc2cc(ncn2)Nc3c(cccc3F)F)O,CN(C)C[C@H](COc1ccc(cc1)Nc2cc(ncn2)Nc3cc(ccc3F)C(F)(F)F)O,
comt,3bwm,DNC,14,4pyl,TCW,20,0.207,0.212,1.48,0.83,c1c(cc(c(c1[N+](=O)[O-])O)O)[N+](=O)[O-],Cc1ccc(cc1)C(=O)c2cc(c(c(c2)O)O)[N+](=O)[O-],
cp2c9,1r9o,FLP,18,5x23,LSN,30,0.211,0.739,1.38,0.73,C[C@@H](c1ccc(c(c1)F)c2ccccc2)C(=O)O,CCCCc1nc(c(n1Cc2ccc(cc2)c3ccccc3c4n[nH]nn4)CO)Cl,
cp3a4,3nxu,RIT,50,4i4g,Z8Z,49,0.861,0.750,0.73,0.79,CC(C)c1nc(cs1)CN(C)C(=O)N[C@@H](C(C)C)C(=O)N[C@@H](Cc2ccccc2)C[C@@H]([C@H](Cc3ccccc3)NC(=O)OCc4cncs4)O,CC(C)c1nc(cs1)CN(C)C(=O)N[C@@H](C(C)C)C(=O)N[C@H](CC[C@H](Cc2ccccc2)NC(=O)OCc3cnco3)Cc4ccccc4,
csf1r,3krj,KRJ,28,3dpk,8C5,36,0.352,0.768,2.1,0.42,c1cc(c(cc1C2CCNCC2)C3=CCCCC3)NC(=O)c4[nH]cc(n4)C#N,CONC(=O)C1=CN(c2c(cnc(n2)Nc3ccc(cc3)CCN4CCCC4)C1=O)C5CCCCC5,
def,1lru,BB2,27,3k6l,2BB,24,0.649,0.513,0.7,0.73,CCCCC[C@H](CC(=O)NO)C(=O)N[C@@H](C(C)C)C(=O)N1CCC[C@H]1CO,CC(C)C[C@H]([C@@H](C(=O)NO)O)C(=O)N[C@H](C(=O)N(C)C)C(C)(C)C,
dhi1,3frj,A49,32,3d4n,D4N,30,0.465,0.657,1.2,0.78,C[C@](c1ccc(cc1)C(=O)N(C2CC2)C3CCN(CC3)CC4(CC4)C(=O)N)(C(F)(F)F)O,C[C@@H]1C[N@](CC[N@]1S(=O)(=O)c2ccc(cc2)[C@@](C)(C(F)(F)F)O)CC3(CC3)C(=O)N,
dpp4,2i78,KIQ,31,4j3j,D3C,30,0.688,0.248,0.96,0.62,c1c(c(cc(c1F)F)F)[C@H]2CC=C(C[C@@H]2N)C(=O)N3CCn4c(nnc4C(F)(F)F)C3,c1cc(n2c1CN(CC2)C(=O)NCC[C@@H](Cc3cc(c(cc3F)F)F)N)C(F)(F)F,
dyr,3nxo,D2B,24,3gyf,51P,22,0.824,0.328,0.14,0.96,CC(C)/C(=C/c1coc2c1c(nc(n2)N)N)/c3ccccc3OC,C/C(=C/c1coc2c1c(nc(n2)N)N)/c3ccccc3OC,
egfr,2rgp,HYZ,33,3bel,POX,32,0.889,0.105,0.16,0.9,c1cc(cc(c1)F)Cn2c3ccc(cc3cn2)Nc4c(c(ncn4)N)CNN5CCCCC5,COCCO/N=C/c1c(ncnc1Nc2ccc3c(c2)cnn3Cc4cccc(c4)F)N,
esr1,1sj0,E4D,33,1yim,CM4,33,0.944,0.425,0.13,0.95,c1cc(ccc1[C@@H]2[C@@H](Oc3ccc(cc3S2)O)c4ccc(cc4)OCCN5CCCCC5)O,C[C@@H]1c2cc(ccc2O[C@H]([C@H]1c3ccc(cc3)O)c4ccc(cc4)OCCN5CCCC5)O,
esr2,2fsz,OHT,29,1l2j,ETC,24,0.682,0.817,1.75,0.47,CC/C(=C(\c1ccc(cc1)O)/c2ccc(cc2)OCCN(C)C)/c3ccccc3,CC[C@@H]1Cc2cc(ccc2C3=C1c4ccc(cc4C[C@H]3CC)O)O,
fa10,3kl6,443,32,2cji,GSK,31,0.688,0.337,0.34,0.78,c1cc(cc2c1cc(cc2)Cl)S(=O)(=O)C[C@H](C(=O)N3CCC(CC3)N4CCCNC4=O)O,C[C@@H](C(=O)N1CCOCC1)N2CC[C@@H](C2=O)NS(=O)(=O)c3ccc4cc(ccc4c3)Cl,
fa7,1w7x,413,40,4jyu,1OK,38,0.521,2.259,1.29,0.69,COc1cc(ccc1OCc2ccccc2)[C@H](C(=O)N[C@@H](c3ccccc3)C(=O)O)Nc4ccc(cc4)C(=N)N,CCOc1cc(ccc1OC(C)C)[C@H](C(=O)NS(=O)(=O)c2ccccc2)Nc3ccc4c(c3)ccnc4N,
fabp4,2nnq,T4B,36,5d47,L19,31,0.414,0.369,1.03,0.43,CCc1c(c(nn1c2ccccc2c3cccc(c3)OCC(=O)O)c4ccccc4)c5ccccc5,COc1cnccc1c2c3cc(ccc3n(c2c4ccccc4)CCC(=O)O)C5CC5,
fak1,3bz3,YAM,35,4d58,BI9,33,0.57,1.392,2.08,0.54,CN(c1c(cccn1)CNc2c(cnc(n2)Nc3ccc4c(c3)CC(=O)N4)C(F)(F)F)S(=O)(=O)C,CNC(=O)c1ccccc1Nc2c(cnc(n2)Nc3ccc(cc3OC)N4CCOCC4)Cl,
fgfr1,3c4f,C4F,18,4wun,66T,34,0.429,0.668,4.05,0.48,COc1cccc(c1)Cc2c[nH]c3c2cccn3,C[C@@H]1CN(C[C@@H](N1)C)c2ccc(cc2)C(=O)Nc3cc(n[nH]3)CCc4cc(cc(c4)OC)OC,
fkb1a,1j4h,SUB,32,1j4i,TST,27,0.429,0.440,0.42,0.75,CCOC(=O)C(Cc1ccccc1)NC(=O)[C@@H]2CSCC[N@]2S(=O)(=O)c3ccc(cc3)C,Cc1ccc(cc1)S(=O)(=O)N2CCSC[C@H]2C(=O)N[C@@H](CC(C)C)C(=O)O,
fnta,3e37,ED5,43,3e33,ED7,36,0.638,0.212,2.67,0.41,Cc1ccccc1S(=O)(=O)[N@](CC[N@@](Cc2cncn2C)c3ccc(cc3)C#N)CC4CCN(CC4)C(=O)OC(C)(C)C,Cc1ccccc1S(=O)(=O)[N@](CCN(Cc2cncn2C)c3ccc(cc3)C#N)Cc4ccccc4,
fpps,1zw5,ZOL,16,2opm,NI9,18,0.815,0.296,0.77,0.85,c1cn(cn1)CC(O)(P(=O)(O)O)P(=O)(O)O,c1cc(c[n+](c1)CC(O)(P(=O)(O)O)P(=O)(O)O)F,
gcr,3bqd,DAY,36,3mnp,DEX,28,0.561,0.513,1.47,0.7,C[C@@H]1C[C@H]2[C@@H]3C=C(C4=Cc5c(cnn5c6ccccc6)C[C@@]4([C@H]3[C@H](C[C@@]2([C@]1(C(=O)CO)O)C)O)C)C,C[C@@H]1C[C@H]2[C@@H]3CCC4=CC(=O)C=C[C@@]4([C@]3([C@H](C[C@@]2([C@]1(C(=O)CO)O)C)O)F)C,
glcm,2v3f,BTB,14,3rik,3RI,14,0.912,1.475,1.23,0.53,C(CO)N(CCO)C(CO)(CO)CO,C1[C@@H]([C@H]([C@@H]([C@H](CN1CCO)O)O)O)O,
gria2,3kgc,ZK1,27,3ilu,HFZ,20,0.506,2.034,18.9,0.00,c1c(c(cc2c1NC(=O)C(=O)N2CP(=O)(O)O)N3CCOCC3)C(F)(F)F,c1c(c(cc2c1NCNS2(=O)=O)S(=O)(=O)N)C(F)(F)F,
grik1,1vso,AT1,21,2qs1,UB1,26,0.351,0.967,1.62,0.43,CC(C)(C)c1c(c(no1)OCP(=O)(O)O)C[C@@H](C(=O)O)N,CC1=CN(C(=O)N(C1=O)Cc2c(c(sc2C(=O)O)Br)Br)C[C@@H](C(=O)O)N,
hdac2,3max,LLX,22,4ly1,20Y,25,0.939,0.109,1.67,0.84,c1ccc(cc1)c2ccc(c(c2)NC(=O)c3ccccc3)N,CC(=O)Nc1ccc(cc1)C(=O)Nc2cc(ccc2N)c3cccs3,
hdac8,3f07,AGE,21,1t64,TSN,22,0.489,1.345,3.07,0.28,Cn1cc(cc1\C=C\C(=O)NO)C(=O)Cc2ccccc2,C[C@H](\C=C(/C)\C=C\C(=O)NO)C(=O)c1ccc(cc1)N(C)C,
hivint,3nf7,CIW,24,3nf9,CD9,24,0.973,0.168,1.27,0.62,c1cc2c(cc1Cl)CC(=O)N2Cc3ccc4c(c3C(=O)O)OCO4,c1cc2c(cc1Cl)N(C(=O)C2)Cc3ccc4c(c3C(=O)O)OCO4,
hivpr,1xl2,189,41,1xl5,190,40,0.508,1.399,2.75,0.22,Cc1cccc(c1OCC(=O)N(Cc2ccccc2)C[C@H]3CNC[C@@H]3C[N@@](CC(C)C)S(=O)(=O)c4ccccc4)C,Cc1cccc(c1OCC(=O)N[C@@H](Cc2cccc(c2)Br)[C@@H](C[C@H](CC(C)C)S(=O)(=O)c3ccc(cc3)F)O)C,
hivrt,3lan,KBT,26,3lam,KRP,25,0.955,0.383,0.4,0.94,CCCCN1C(=C(C(=O)NC1=O)C(C)C)C(=O)c2cc(cc(c2)C#N)C,CCCN1C(=C(C(=O)NC1=O)C(C)C)C(=O)c2cc(cc(c2)C#N)C,
hmdh,3ccw,4HI,36,3ccz,5HI,38,0.928,0.142,0.44,0.9,CC(C)c1c(nc(n1CC[C@H](C[C@H](CC(=O)O)O)O)c2ccc(cc2)F)C(=O)NCc3ccccc3,CC(C)c1c(nc(n1CC[C@H](C[C@H](CC(=O)O)O)O)c2ccc(cc2)F)C(=O)N[C@H](CO)c3ccccc3,
hs90a,1uyg,PU2,22,1uyc,PU7,25,0.602,0.160,0.69,0.86,COc1ccc(c(c1)Cc2[nH]c3c(nc(nc3n2)F)N)OC,CCCCn1c(nc2c1ncnc2N)Cc3cc(ccc3OC)OC,
hxk4,3f9m,MRK,23,3goi,LOI,24,0.6,0.872,0.4,0.82,Cn1ccnc1Sc2cc(c(cc2F)N)C(=O)Nc3nccs3,Cc1csc(n1)NC(=O)c2cc(ccc2NC)Sc3nncn3C,
igf1r,2oj9,BMI,30,2zm3,575,27,0.243,0.860,2.86,0.43,Cc1cc(cc2c1[nH]c(n2)C3=C(C=CNC3=O)NCc4ccccn4)n5ccnc5,c1cc(ccc1CN2CCCC2)N\C=C/3\c4cc(ccc4C(=O)NC3=O)Br,
inha,2h7l,665,22,4tzk,641,23,0.914,0.121,2.81,0.32,c1cc(cc(c1)Br)NC(=O)[C@H]2CC(=O)N(C2)C3CCCCC3,c1c(cc(cc1Cl)Cl)NC(=O)[C@H]2CC(=O)N(C2)C3CCCCC3,
ital,2ica,2IC,37,3m6f,BJZ,37,0.381,0.274,0.33,0.83,CN1C(=O)N(C(=O)[C@]12C[N@](C[C@H]2c3ccc(cc3)C#N)Cc4cc(cs4)C(=O)O)c5cc(cc(c5)Cl)Cl,CN1C(=O)N(C(=O)[C@]12CN(C[C@H]2c3ccc(cc3)C#N)c4ccc(cn4)C(=O)O)c5cc(cc(c5)Cl)Cl,
jak2,3lpb,NVB,33,3krr,DQX,36,0.582,0.399,0.31,0.62,CNS(=O)(=O)c1ccc(cc1)c2cccc3c2nc(cn3)c4cc(c(c(c4)OC)OC)OC,c1cc(c2c(c1)ncc(n2)c3cnn(c3)C4CCNCC4)c5cc(c(c(c5)F)CN6CCOCC6)F,
kif11,3cjo,K30,33,2fky,N2T,29,0.85,0.314,0.79,0.75,C[N@]1CC[C@@H]([C@@H](C1)F)N(C)C(=O)N2CC(=C[C@@]2(CO)c3ccccc3)c4cc(ccc4F)F,CN(C1CCNCC1)C(=O)N2CC(=C[C@H]2c3ccccc3)c4cc(ccc4F)F,
kit,3g0e,B49,29,6mob,JWY,33,0.462,0.203,6.57,0.33,CCN(CC)CCNC(=O)c1c(c([nH]c1C)/C=C\2/c3cc(ccc3NC2=O)F)C,CCN1c2cc(ncc2C=C(C1=O)c3cc(c(cc3Cl)F)NC(=O)Nc4ccccc4)NC,
kith,2b8t,THM,17,2uz3,TTP,29,0.828,0.455,3.34,0.6,CC1=CN(C(=O)NC1=O)[C@H]2C[C@@H]([C@H](O2)CO)O,CC1=CN(C(=O)NC1=O)[C@H]2C[C@@H]([C@H](O2)CO[P@](=O)(O)O[P@@](=O)(O)OP(=O)(O)O)O,
lck,2of2,547,30,2of4,979,30,0.833,0.105,3.82,0.82,c1ccc(cc1)c2c3c(ccnc3oc2c4ccccc4)NCCN5CCNCC5,c1ccc(cc1)c2c3c(ncnc3oc2c4ccccc4)NCCN5CCNCC5,
lkha4,3chp,4BO,23,3cho,4BG,19,0.375,0.164,0.8,0.74,c1ccc(cc1)COc2ccc(cc2)NC(=O)[C@H](CC(=O)O)N,c1ccc(cc1)COc2ccc(cc2)NC(=O)CN,
mapk2,3m2w,L8I,29,3m42,HGF,29,0.5,0.663,1.22,0.71,CN1CC2(C1)CNC(=O)c3c2[nH]c-4c3CCc5c4cc(nc5)c6ccccc6F,COCCOc1cc(cnc1)c2cc3c(ccc4c3[nH]c5c4C(=O)NCC5)cn2,
mcr,2aa2,AS4,26,2a3i,C0R,25,0.947,0.184,0.23,0.94,C[C@]12CCC(=O)C=C1CC[C@@H]3[C@@H]2[C@H](C[C@]4([C@H]3CC[C@@H]4C(=O)CO)C=O)O,C[C@]12CCC(=O)C=C1CC[C@@H]3[C@@H]2[C@H](C[C@]4([C@H]3CC[C@@H]4C(=O)CO)C)O,
met,3lq8,88Z,46,5hti,66L,43,0.737,0.217,0.6,0.91,COc1cc2c(ccnc2cc1OCCCN3CCOCC3)Oc4ccc(cc4F)NC(=O)C5(CC5)C(=O)Nc6ccc(cc6)F,c1cc(ccc1NC(=O)C2(CC2)C(=O)Nc3ccc(c(c3)F)Oc4ccnc5c4cnc(c5)OCCN6CCOCC6)F,
mk01,2ojg,19A,21,2oji,33A,27,0.791,0.945,1.3,0.74,CN(C)C(=O)c1cc(c[nH]1)c2c(c[nH]n2)c3ccccc3,c1ccc(cc1)CNC(=O)c2cc(c[nH]2)c3c(c[nH]n3)c4cccc(c4)Cl,
mk10,2zdt,46C,32,4g1w,G1W,35,0.638,0.777,0.72,0.84,CCC(=O)C1=C(c2cc(ccc2C(=O)N1Cc3ccc(cc3)C(=O)O)Cl)c4ccccc4,COC(=O)C1=C(C(=O)c2ccc(cc2N1c3ccccc3)F)Cc4ccc(cc4)S(=O)(=O)CCO,
mk14,2qd9,LGF,40,3ha8,5JZ,49,0.472,1.384,1.33,0.52,COc1c(cc2c(c[nH]c2n1)C(=O)C(=O)N3CC[C@H](C3)O)C(=O)N4CCn5c(cnc5c6ccc(cc6F)F)C4,CCOc1nc(nc(n1)n2cnc3c2cc(cc3)C(=O)N4CCCc5c4cccc5)N[C@@H](Cc6ccc7c(c6)COC(O7)(C)C)C(=O)NC,
mmp13,830c,RS1,28,2pjt,347,32,0.497,0.265,2.75,0.67,c1cc(ccc1Oc2ccc(cc2)Cl)S(=O)(=O)CC3(CCOCC3)C(=O)NO,CC#CCNc1ccc(cc1)S(=O)(=O)CC2(CCN(CC2)C(=O)OC(C)(C)C)C(=O)NO,
mp2k1,3eqh,5BM,26,3zlx,5EZ,19,0.216,0.660,11.16,0.28,c1ccc(c(c1)N)S/C(=C(\C#N)/C(=C(N)Sc2ccccc2N)C#N)/N,c1c2c(cc(c1OC[C@@H]3CCNC3)Cl)C(=O)NC=C2,
nos1,1qw6,3AR,15,3hsn,HAR,13,0.647,0.155,0.69,0.9,CCCNC(=[NH2+])NCCC[C@@H](C(=O)O)N,C(C[C@@H](C(=O)O)N)CNC(=N)NO,
nram,1b9v,RA2,25,1vcj,IBA,25,0.763,0.238,0.28,0.92,CCC(CC)Nc1cc(ccc1N2C(=O)CCC2(CO)CO)C(=O)O,CCC(CC)Nc1cc(ccc1N2C(=O)CC[C@@]2(CN)CO)C(=O)O,
pa2ga,1kvo,OAP,36,1kqu,BR4,29,0.86,0.330,1.25,0.73,c1ccc(cc1)CCCCCCC(=O)N[C@@H](CCC(=O)O)CSc2ccc(cc2)Cc3ccccc3,c1ccc(cc1)CCCCCCC(=O)N[C@H](CCc2ccccc2)CCC(=O)O,
parp1,3l3m,A92,25,6vko,L1S,36,0.715,0.614,3.39,0.62,c1cc(c2c(c1)nc([nH]2)c3ccc(cc3F)[C@@H]4CCCCN4)C(=O)N,COC(=O)c1cnc(nc1)N2CCN(CC2)C(=O)c3ccc(cc3)c4[nH]c5c(cccc5n4)C(=O)N,
pde5a,1udt,VIA,33,1xp0,VDN,34,0.693,2.863,1.13,0.4,CCCc1c2c(n(n1)C)C(=O)NC(=N2)c3cc(ccc3OCC)S(=O)(=O)N4CCN(CC4)C,CCCc1nc(c2n1NC(=NC2=O)c3cc(ccc3OCC)S(=O)(=O)N4CCN(CC4)CC)C,
pgh1,2oyu,IMS,30,1ht5,FL2,19,0.259,0.374,2.11,0.67,CC[C@@H](CO)NC(=O)Cc1c(n(c2c1cc(cc2)OC)C(=O)c3ccc(cc3)Cl)C,C[C@@H](c1ccc(c(c1)F)c2ccccc2)C(=O)OC,
pgh2,3ln1,CEL,26,6bl4,DXS,44,0.297,0.358,4.58,0.65,Cc1ccc(cc1)c2cc(nn2c3ccc(cc3)S(=O)(=O)N)C(F)(F)F,Cc1c(c2cc(ccc2n1C(=O)c3ccc(cc3)Cl)OC)CC(=O)NCCNS(=O)(=O)c4cccc5c4cccc5N(C)C,
plk1,2owb,626,32,3kb7,071,33,0.296,0.475,13.97,0.42,CN1CCN(CC1)c2ccc(cc2)C(=O)Nc3c4cn(cc4[nH]n3)C(=O)Cc5cccs5,Cn1c-2c(c(n1)C(=O)N)CCc3c2nc(nc3)Nc4cc(ccc4OC)N5CCN(CC5)C,
pnph,3bgs,DIH,19,4ear,IM5,20,0.951,0.618,0.22,0.77,c1c(c2c([nH]1)C(=O)NC=N2)C[NH+]3C[C@@H]([C@H](C3)O)CO,c1c(c2c([nH]1)C(=O)NC(=N2)N)CN3C[C@@H]([C@H](C3)O)CO,
ppara,2p54,735,33,1kkq,471,45,0.41,4.012,2.86,0.36,Cc1c(sc(n1)c2ccc(cc2)C(F)(F)F)C(=O)NCc3ccc(cc3)OC(C)(C)C(=O)O,CCC(=O)NC[C@H](Cc1ccc(cc1)OCCc2c(oc(n2)c3ccccc3)C)N/C(=C\C(=O)c4ccc(cc4)C(F)(F)F)/C,
ppard,2znp,K55,33,2znq,401,30,0.974,0.331,18.27,0.9,CCCCOc1ccc(cc1CNC(=O)c2ccc(cc2F)C(F)(F)F)C[C@H](CC)C(=O)O,CC[C@@H](Cc1ccc(c(c1)CNC(=O)c2ccc(cc2F)C(F)(F)F)OC)C(=O)O,
pparg,2gtk,208,31,3ia6,UNT,31,0.415,0.462,0.45,0.76,CCO[C@@H](Cc1ccc2c(c1)ccn2Cc3c(oc(n3)c4ccccc4Cl)C)C(=O)O,Cc1c(nc(o1)c2ccccc2)CCCc3ccc(cc3)C[C@@H](C(=O)O)n4nccn4,
prgr,3kba,WOW,27,2ovh,AS0,33,0.174,1.198,2.06,0.39,Cc1ccccc1CN(c2ccc(c(c2)Cl)C#N)[C@H]3CC[N@@](C3)S(=O)(=O)C,C[C@]12C[C@@H](C3=C4CCC(=O)C=C4CC[C@H]3[C@@H]1CC[C@]2(COC)OC)c5ccc(cc5)\C=N\O,
pygm,1c8k,CPB,28,4yua,REF,22,0.428,0.177,2.63,0.46,C[N@]1CC[C@@H]([C@@H](C1)O)c2c(cc(c3c2OC(=CC3=O)c4ccccc4Cl)O)O,c1c2c-3c(c(c1O)O)OC(=O)c4c3c(c(c(c4)O)O)OC2=O,
pyrd,1d3g,BRE,27,1uuo,BRF,28,0.987,0.817,0.46,0.93,Cc1c(c2cc(ccc2nc1c3ccc(cc3)c4ccccc4)F)C(=O)O,Cc1c(c2cc(ccc2nc1c3ccc(cc3)c4ccccc4F)F)C(=O)O,
reni,3g6z,A7T,43,3g72,A6T,43,0.827,0.394,0.32,0.88,Cc1cccc(c1C)CN(C2CC2)C(=O)C3=C(C[C@@H]4CNC[C@H]3N4)c5ccc(cc5)OCCOc6c(cc(cc6Cl)C)Cl,c1cc(c(c(c1)Cl)Cl)CN(C2CC2)C(=O)C3=C(C[C@H]4CNC[C@@H]3N4)c5ccc(cc5)CCCOc6c(ccc(c6Cl)F)F,
rock1,2etr,Y27,18,5wng,B4Y,37,0.288,0.532,5.75,0.28,C[C@H](C1CCC(CC1)C(=O)Nc2ccncc2)N,CN(C)[C@H]1CCc2c(sc(n2)NC(=O)c3cccc(c3)[C@H]4CCCN4C(=O)Nc5cccc(c5)C#N)C1,
rxra,1mv9,HXA,24,4rmd,3SW,26,0.747,0.202,0.37,0.6,CC\C=C/C\C=C/C\C=C/C\C=C/C\C=C/C\C=C/CCC(=O)O,CC(C)CCC\1=C(CCC/C1=C\C(=C/C=C/C(=C/C(=O)O)/C)\C)C2CC2,
sahh,1li4,NOC,19,5axc,ARJ,19,0.893,0.114,0.03,0.99,c1nc(c2c(n1)n(cn2)[C@@H]3CC([C@@H]([C@H]3O)O)CO)N,c1nc(c2c(n1)n(cn2)[C@@H]3C[C@@H](C(=O)[C@H]3O)CO)N,
src,3el8,PD5,33,3el7,PD3,36,0.517,1.295,0.3,0.72,CC(C)n1c2c(c(n1)c3ccc(cc3)NC(=O)Nc4cccc(c4)C(F)(F)F)c(ncn2)N,c1cc(cc(c1)NC(=O)Nc2cccc(c2)C(F)(F)F)Cc3c4c(ncnc4n(n3)C5CCCC5)N,
tgfr1,3hmm,855,24,6b8y,D0A,27,0.542,0.380,0.43,0.87,Cc1cccc(n1)c2nc3ccccc3c(n2)Nc4ccncc4,c1cc(nc(c1)C(F)(F)F)c2nc3c(cc[nH]3)c(n2)Nc4ccncc4F,
thb,1q4x,G24,28,3imy,B72,24,0.742,0.659,1.24,0.77,Cc1cc(cc(c1Cc2ccc(c(c2)Cc3ccccc3)O)C)OCC(=O)O,Cc1cc(cc(c1Cc2ccc(c(c2)C(C)C)O)C)OCC(=O)O,
thrb,1ype,UIP,33,1ypg,UIR,34,0.859,0.145,0.06,0.97,CC[C@@H]1[C@H]2[C@@H]3CCC[N@@]3[C@H]([C@H]2C(=O)N1Cc4ccc5c(c4)OCO5)c6ccc(cc6)C(=N)N,c1cc(ccc1[C@H]2[C@@H]3[C@H]([C@H]4[N@@]2CCC4)[C@H](N(C3=O)Cc5ccc6c(c5)OCO6)C7CC7)C(=N)N,
try1,2ayw,ONO,39,1f0u,RPR,34,0.259,0.251,6.69,0.13,CC(C)(C)[C@@H](C=O)NC(=O)c1ccc(c(c1)C(=O)O)c2ccc(nc2C(=O)Nc3ccc(cc3)C(N)N)OC,C[C@H]([C@@H](Cc1cccc(c1)C(=N)N)C(=O)OC)NC(=O)c2ccc(cc2)c3cccc(c3)CN,
tryb1,2zec,11N,26,2zeb,11M,29,0.717,0.154,0.77,0.71,c1ccc(cc1)C=CC(=O)N2CCC3(CC2)COc4c3cc(cc4)CN,CSc1c2ccccc2c(s1)C(=O)N3CCC4(CC3)COc5c4cc(cc5)CN,
tysy,1syn,F89,37,2kce,D16,32,0.727,0.552,1.44,0.56,CC1=Nc2ccc3ccc(cc3c2C(=O)N1)CNc4ccc5c(c4)CN(C5=O)[C@@H](CCC(=O)O)C(=O)O,CC1=NC(=O)c2cc(ccc2N1)CN(C)c3ccc(s3)C(=O)N[C@@H](CCC(=O)O)C(=O)O,
urok,1sqt,UI3,24,4fu7,1UP,20,0.427,0.206,1.02,0.72,[H]/N=C(/c1ccc2ccc(c(c2c1)c3cnn(c3)S(=O)(=O)C)OC)\N,[H]/N=C(/c1ccc2ccc(c(c2c1)OCC(=O)N)OC)\N,
vgfr2,2p2i,608,30,3efl,706,28,0.671,0.270,8.41,0.82,c1ccc(cc1)Oc2ccc(cc2)NC(=O)c3cccnc3NCc4ccncc4,CC1(CNc2c1ccc(c2)NC(=O)c3cccnc3NCc4ccncc4)C,
wee1,3biz,61E,34,3bi6,396,37,0.731,0.126,4.83,0.78,Cn1c2cc(c3c(c2c4c1cc(c(c4)O)OCCCN(C)C)C(=O)NC3=O)c5ccccc5Cl,Cn1c2cc(c3c(c2c4c1cc(c(c4)O)C(=O)NCCN5CCCC5)C(=O)NC3=O)c6ccccc6Cl,
xiap,3hl5,9JZ,37,1tft,997,39,0.456,0.609,1.73,0.35,C[C@H]1CCN([C@@H]1C(=O)Nc2ccccc2c3ncccn3)C(=O)[C@H](C4CCCCC4)NC(=O)[C@H](C)NC,C[C@@H](C(=O)N[C@H](C(=O)N1C[C@H](C[C@H]1C(=O)N[C@@H]2CCCc3c2cccc3)Oc4ccccc4)C(C)(C)C)NC,
pur2,1njs,KEU,38,1rc1,KT3,38,0.716,0.11,0.11,0.98,c1cc(ccc1[C@@H](CCCc2c(nc([nH]c2=O)N)N)C(C(F)(F)F)(O)O)C(=O)N[C@@H](CCC(=O)[O-])C(=O)[O-] c1cc(ccc1C(CCCc2c(nc([nH]c2=O)N)N)C(C(F)(F)F)(O)O)C(=O)N[C@@H](CCC(=O)N)C(=O)[O-],
ptn1,2azr,982,17,2hb1,512,14,0.667,0.12,0.78,0.84,c1cc2c(c(sc2nc1)C(=O)[O-])OCC(=O)[O-],c1c(c(c(s1)C(=O)[O-])OCC(=O)[O-]),
